application_id,case_index,n,compressed_qubits,method_algorithm,baseline_algorithm,method_operation_count,baseline_operation_count,method_two_qubit_count,baseline_two_qubit_count,method_depth,baseline_depth,method_iterations,baseline_iterations,method_complexity,baseline_complexity,method_search_space,baseline_search_space,operation_speedup,two_qubit_speedup,depth_speedup,complexity_speedup,search_space_reduction,marked_sfs,marked_plain,resource_transpile_basis,method_single_iteration_operation_count,method_single_iteration_two_qubit_count,method_single_iteration_depth,baseline_single_iteration_operation_count,baseline_single_iteration_two_qubit_count,baseline_single_iteration_depth
Func-9,1,4,2,sfs_grover,plain_grover,14,186,4,84,10,159,2,3,10,159,4,16,13.285714285714286,21,15.9,15.9,4,11,1111,"u1,u2,u3,cx,measure",7,2,5,62,28,53
Func-9,2,5,3,sfs_grover,plain_grover,66,644,24,288,46,516,2,4,46,516,8,32,9.757575757575758,12,11.217391304347826,11.217391304347826,4,111,11111,"u1,u2,u3,cx,measure",33,12,23,161,72,129
Func-9,3,6,3,sfs_grover,plain_grover,66,2184,24,1008,46,1566,2,6,46,1566,8,64,33.09090909090909,42,34.04347826086956,34.04347826086956,8,111,111111,"u1,u2,u3,cx,measure",33,12,23,364,168,261
Func-9,4,7,4,sfs_grover,plain_grover,186,5076,84,2232,159,3429,3,9,159,3429,16,128,27.29032258064516,26.571428571428573,21.566037735849058,21.566037735849058,8,1111,1111111,"u1,u2,u3,cx,measure",62,28,53,564,248,381
Func-9,5,8,4,sfs_grover,plain_grover,186,10465,84,4680,159,6539,3,13,159,6539,16,256,56.263440860215056,55.714285714285715,41.125786163522015,41.125786163522015,16,1111,11111111,"u1,u2,u3,cx,measure",62,28,53,805,360,503
Func-9,6,9,5,sfs_grover,plain_grover,644,19782,288,9072,516,13194,4,18,516,13194,32,512,30.717391304347824,31.5,25.569767441860463,25.569767441860463,16,11111,111111111,"u1,u2,u3,cx,measure",161,72,129,1099,504,733
Func-9,7,10,5,sfs_grover,plain_grover,644,36150,288,16600,516,25775,4,25,516,25775,32,1024,56.13354037267081,57.638888888888886,49.951550387596896,49.951550387596896,32,11111,1111111111,"u1,u2,u3,cx,measure",161,72,129,1446,664,1031
Func-9,8,11,6,sfs_grover,plain_grover,2184,71352,1008,32544,1566,47952,6,36,1566,47952,64,2048,32.67032967032967,32.285714285714285,30.620689655172413,30.620689655172413,32,111111,11111111111,"u1,u2,u3,cx,measure",364,168,261,1982,904,1332
Func-9,9,12,6,sfs_grover,plain_grover,2184,122850,1008,56400,1566,87000,6,50,1566,87000,64,4096,56.25,55.95238095238095,55.55555555555556,55.55555555555556,64,111111,111111111111,"u1,u2,u3,cx,measure",364,168,261,2457,1128,1740
Func-9,10,13,7,sfs_grover,plain_grover,5076,220668,2232,101672,3429,158472,9,71,3429,158472,128,8192,43.472813238770684,45.551971326164875,46.21522309711286,46.21522309711286,64,1111111,1111111111111,"u1,u2,u3,cx,measure",564,248,381,3108,1432,2232
Func-9,11,14,7,sfs_grover,plain_grover,5076,370771,2232,172104,3429,275932,9,101,3429,275932,128,16384,73.04393223010244,77.10752688172043,80.47010790317877,80.47010790317877,128,1111111,11111111111111,"u1,u2,u3,cx,measure",564,248,381,3671,1704,2732
Func-9,12,15,8,sfs_grover,plain_grover,10465,631900,4680,294224,6539,474280,13,142,6539,474280,256,32768,60.38222646918299,62.868376068376065,72.53096803792629,72.53096803792629,128,11111111,111111111111111,"u1,u2,u3,cx,measure",805,360,503,4450,2072,3340
Func-9,13,16,8,sfs_grover,plain_grover,10465,1022085,4680,477576,6539,787920,13,201,6539,787920,256,65536,97.66698518872433,102.04615384615384,120.49548860682062,120.49548860682062,256,11111111,1111111111111111,"u1,u2,u3,cx,measure",805,360,503,5085,2376,3920
Func-9,14,17,9,sfs_grover,plain_grover,19782,1701728,9072,797472,13194,1322304,18,284,13194,1322304,512,131072,86.02406227883935,87.9047619047619,100.22010004547522,100.22010004547522,256,111111111,11111111111111112,"u1,u2,u3,cx,measure",1099,504,733,5992,2808,4656
Func-9,15,18,9,sfs_grover,plain_grover,19782,2754102,9072,1296048,13194,2194920,18,402,13194,2194920,512,262144,139.22262663026993,142.86243386243387,166.35743519781718,166.35743519781718,512,111111111,111111111111111104,"u1,u2,u3,cx,measure",1099,504,733,6851,3224,5460
Func-9,16,19,10,sfs_grover,plain_grover,36150,4487134,16600,2116680,25775,3623392,25,569,25775,3623392,1024,524288,124.12542185338866,127.51084337349397,140.57776915615906,140.57776915615906,512,1111111111,1111111111111111168,"u1,u2,u3,cx,measure",1446,664,1031,7886,3720,6368
Func-9,17,20,10,sfs_grover,plain_grover,36150,6934500,16600,3273888,25775,5631216,25,804,25775,5631216,1024,1048576,191.82572614107883,197.2221686746988,218.47588748787584,218.47588748787584,1024,1111111111,11111111111111110656,"u1,u2,u3,cx,measure",1446,664,1031,8625,4072,7004
Func-9,18,21,11,sfs_grover,plain_grover,71352,11128956,32544,5266584,47952,9123288,36,1137,47952,9123288,2048,2097152,155.97258661284897,161.8296460176991,190.25875875875874,190.25875875875874,1024,11111111111,111111111111111114752,"u1,u2,u3,cx,measure",1982,904,1332,9788,4632,8024
Func-9,19,22,11,sfs_grover,plain_grover,71352,16544712,32544,7930656,47952,12880080,36,1608,47952,12880080,2048,4194304,231.8745375042045,243.69026548672565,268.60360360360363,268.60360360360363,2048,11111111111,1111111111111111081984,"u1,u2,u3,cx,measure",1982,904,1332,10289,4932,8010
Func-9,20,23,12,sfs_grover,plain_grover,122850,24740625,56400,12184900,87000,17051125,50,2275,87000,17051125,4096,8388608,201.38888888888889,216.04432624113474,195.98994252873564,195.98994252873564,2048,111111111111,11111111111111111344128,"u1,u2,u3,cx,measure",2457,1128,1740,10875,5356,7495
