application_id,case_index,method_label,parameter_name,parameter_value,shots,success_probability,best_normalized_accuracy,ARG,best_ARG,precision_score,best_precision_score,precision_percent,best_precision_percent,approximation_ratio_gap,in_constraints_probs,best_solution_probs,mean_cost,best_cost,feasible_probability,best_feasible_probability,sampled_expected_objective,best_objective,optimizer,simulation_backend,problem_n,parameter_count,parameter_vector
Func-6,1,method,cobyla_iteration,1,256,1.0,1.0,0.09758831530225091,0.09758831530225091,0.9110884163563846,0.9110884163563846,91.10884163563846,91.10884163563846,0.09758831530225091,100.0,40.625,-10.377734375,-11.500000000000002,1.0,1.0,10.377734375,11.500000000000002,COBYLA,ddsim,14,2,0.628318530718;0.628318530718
Func-6,2,method,cobyla_iteration,2,256,1.0,1.0,0.14517323382188987,0.09758831530225091,0.8732303292337787,0.9110884163563846,87.32303292337788,91.10884163563846,0.14517323382188987,100.0,8.203125,-9.8305078125,-11.500000000000002,1.0,1.0,9.8305078125,11.500000000000002,COBYLA,ddsim,14,2,1.22831853072;0.628318530718
Func-6,3,method,cobyla_iteration,3,256,1.0,1.0,0.17104619580091002,0.09758831530225091,0.8539372772703242,0.9110884163563846,85.39372772703243,91.10884163563846,0.17104619580091002,100.0,6.25,-9.532968749999998,-11.500000000000002,1.0,1.0,9.532968749999998,11.500000000000002,COBYLA,ddsim,14,2,0.628318530718;1.22831853072
Func-6,4,method,cobyla_iteration,4,256,1.0,1.0,0.0101732337044984,0.0101732337044984,0.9899292187071803,0.9899292187071803,98.99292187071804,98.99292187071804,0.0101732337044984,100.0,91.796875,-11.383007812500002,-11.500000000000002,1.0,1.0,11.383007812500002,11.500000000000002,COBYLA,ddsim,14,2,0.302110017445;0.124743307074
Func-6,5,method,cobyla_iteration,5,256,1.0,1.0,0.1121365490105537,0.0101732337044984,0.8991701611548335,0.9899292187071803,89.91701611548335,98.99292187071804,0.1121365490105537,100.0,30.859375,-10.2104296875,-11.500000000000002,1.0,1.0,10.2104296875,11.500000000000002,COBYLA,ddsim,14,2,-0.351116893841;-0.881882046457
Func-6,6,method,cobyla_iteration,6,256,1.0,1.0,0.045614809822273734,0.0101732337044984,0.956375130312063,0.9899292187071803,95.6375130312063,98.99292187071804,0.045614809822273734,100.0,69.921875,-10.975429687500002,-11.500000000000002,1.0,1.0,10.975429687500002,11.500000000000002,COBYLA,ddsim,14,2,-0.127415165498;0.543680196375
Func-6,7,method,cobyla_iteration,7,256,1.0,1.0,0.006711956527575688,0.006711956527575688,0.9933327934727952,0.9933327934727952,99.33327934727953,99.33327934727953,0.006711956527575688,100.0,94.53125,-11.422812500000001,-11.500000000000002,1.0,1.0,11.422812500000001,11.500000000000002,COBYLA,ddsim,14,2,0.184474967037;-0.15123132023
Func-6,8,method,cobyla_iteration,8,256,1.0,1.0,0.017404891319482592,0.006711956527575688,0.9828928566512884,0.9933327934727952,98.28928566512884,99.33327934727953,0.017404891319482592,100.0,86.328125,-11.29984375,-11.500000000000002,1.0,1.0,11.29984375,11.500000000000002,COBYLA,ddsim,14,2,0.30857727092;-0.235484617917
Func-6,9,method,cobyla_iteration,9,256,1.0,1.0,0.007615489137056971,0.006711956527575688,0.9924420682103854,0.9933327934727952,99.24420682103855,99.33327934727953,0.007615489137056971,100.0,94.140625,-11.412421875000001,-11.500000000000002,1.0,1.0,11.412421875000001,11.500000000000002,COBYLA,ddsim,14,2,0.1676243075;-0.176051781007
Func-6,10,method,cobyla_iteration,10,256,1.0,1.0,0.0024864130456404144,0.0024864130456404144,0.9975197538706919,0.9975197538706919,99.7519753870692,99.7519753870692,0.0024864130456404144,100.0,98.046875,-11.471406250000001,-11.500000000000002,1.0,1.0,11.471406250000001,11.500000000000002,COBYLA,ddsim,14,2,0.151863624519;-0.100867639475
Func-6,11,method,cobyla_iteration,11,256,1.0,1.0,0.0013043478272212214,0.0013043478272212214,0.9986973512798066,0.9986973512798066,99.86973512798066,99.86973512798066,0.0013043478272212214,100.0,98.828125,-11.485000000000001,-11.500000000000002,1.0,1.0,11.485000000000001,11.500000000000002,COBYLA,ddsim,14,2,0.0909008184287;0.00249355379163
Func-6,12,method,cobyla_iteration,12,256,1.0,1.0,0.0037737771771946317,0.0013043478272212214,0.996240410675195,0.9986973512798066,99.6240410675195,99.86973512798066,0.0037737771771946317,100.0,97.265625,-11.456601562500001,-11.500000000000002,1.0,1.0,11.456601562500001,11.500000000000002,COBYLA,ddsim,14,2,0.190760484721;0.0690371263443
Func-6,13,method,cobyla_iteration,13,256,1.0,1.0,0.0005910326092095193,0.0005910326092095193,0.9994093165039983,0.9994093165039983,99.94093165039983,99.94093165039983,0.0005910326092095193,100.0,99.609375,-11.493203125000003,-11.500000000000002,1.0,1.0,11.493203125000003,11.500000000000002,COBYLA,ddsim,14,2,0.0311830783105;-0.00331949318767
Func-6,14,method,cobyla_iteration,14,256,1.0,1.0,0.0,0.0,1.0,1.0,100.0,100.0,0.0,100.0,100.0,-11.500000000000002,-11.500000000000002,1.0,1.0,11.500000000000002,11.500000000000002,COBYLA,ddsim,14,2,-0.0256873980907;0.0158050699159
Func-6,15,method,cobyla_iteration,15,256,1.0,1.0,0.0017391304362948587,0.0,0.9982638888873819,1.0,99.8263888887382,100.0,0.0017391304362948587,100.0,98.4375,-11.480000000000002,-11.500000000000002,1.0,1.0,11.480000000000002,11.500000000000002,COBYLA,ddsim,14,2,-0.140349096856;-0.0195883593652
Func-6,16,method,cobyla_iteration,16,256,1.0,1.0,0.0017730978276287127,0.0,0.9982300404837445,1.0,99.82300404837446,100.0,0.0017730978276287127,100.0,98.828125,-11.479609375000003,-11.500000000000002,1.0,1.0,11.479609375000003,11.500000000000002,COBYLA,ddsim,14,2,-0.0212568042599;0.0756412616255
Func-6,17,method,cobyla_iteration,17,256,1.0,1.0,0.0008695652181474294,0.0,0.9991311902685762,1.0,99.91311902685763,100.0,0.0008695652181474294,100.0,99.21875,-11.490000000000002,-11.500000000000002,1.0,1.0,11.490000000000002,11.500000000000002,COBYLA,ddsim,14,2,-0.0429786138548;-0.00871051405433
Func-6,1,baseline,cobyla_iteration,1,256,0.0,0.0,224.7794023693735,224.7794023693735,0.0044291019885153516,0.0044291019885153516,0.44291019885153515,0.44291019885153515,224.7794023693735,0.0,0.0,2573.4631250000016,-11.500000000000002,0.0,0.0,9.349375,,COBYLA,ddsim,14,8,0.448798950513;0.224399475256;0.149599650171;0.112199737628;0.628318530718;0.314159265359;0.209439510239;0.157079632679
Func-6,2,baseline,cobyla_iteration,2,256,1.0,1.0,172.13258167141967,172.13258167141967,0.005775920340042371,0.005775920340042371,0.5775920340042371,0.5775920340042371,172.13258167141967,0.390625,0.390625,1968.0246875000005,-11.500000000000002,0.00390625,0.00390625,11.500000000000002,11.500000000000002,COBYLA,ddsim,14,8,1.04879895051;0.224399475256;0.149599650171;0.112199737628;0.628318530718;0.314159265359;0.209439510239;0.157079632679
Func-6,3,baseline,cobyla_iteration,3,256,1.0,1.0,208.9018242305668,172.13258167141967,0.004764132011075565,0.005775920340042371,0.47641320110755647,0.5775920340042371,208.9018242305668,0.0,0.0,2390.8709765625003,-11.500000000000002,0.0,0.00390625,10.691523437500003,11.500000000000002,COBYLA,ddsim,14,8,1.04879895051;0.824399475256;0.149599650171;0.112199737628;0.628318530718;0.314159265359;0.209439510239;0.157079632679
Func-6,4,baseline,cobyla_iteration,4,256,1.0,1.0,190.5694295135385,172.13258167141967,0.005220039557143059,0.005775920340042371,0.5220039557143059,0.5775920340042371,190.5694295135385,0.0,0.0,2180.0484374999987,-11.500000000000002,0.0,0.00390625,10.576562500000005,11.500000000000002,COBYLA,ddsim,14,8,1.04879895051;0.224399475256;0.749599650171;0.112199737628;0.628318530718;0.314159265359;0.209439510239;0.157079632679
Func-6,5,baseline,cobyla_iteration,5,256,1.0,1.0,188.82042135984372,172.13258167141967,0.005268137078382594,0.005775920340042371,0.5268137078382594,0.5775920340042371,188.82042135984372,0.390625,0.0,2159.934843749999,-11.500000000000002,0.00390625,0.00390625,10.219999999999999,11.500000000000002,COBYLA,ddsim,14,8,1.04879895051;0.224399475256;0.149599650171;0.712199737628;0.628318530718;0.314159265359;0.209439510239;0.157079632679
Func-6,6,baseline,cobyla_iteration,6,256,1.0,1.0,217.42400154775999,172.13258167141967,0.004578251441755327,0.005775920340042371,0.4578251441755327,0.5775920340042371,217.42400154775999,0.0,0.0,2488.876015625,-11.500000000000002,0.0,0.00390625,11.123984374999996,11.500000000000002,COBYLA,ddsim,14,8,1.04879895051;0.224399475256;0.149599650171;0.112199737628;1.22831853072;0.314159265359;0.209439510239;0.157079632679
Func-6,7,baseline,cobyla_iteration,7,256,1.0,1.0,225.28128756002715,172.13258167141967,0.004419278371547728,0.005775920340042371,0.4419278371547728,0.5775920340042371,225.28128756002715,0.0,0.0,2579.2348046874995,-11.500000000000002,0.0,0.00390625,9.827695312500001,11.500000000000002,COBYLA,ddsim,14,8,1.04879895051;0.224399475256;0.149599650171;0.112199737628;0.628318530718;0.914159265359;0.209439510239;0.157079632679
Func-6,8,baseline,cobyla_iteration,8,256,1.0,1.0,223.4617529117059,172.13258167141967,0.004455101980751969,0.005775920340042371,0.4455101980751969,0.5775920340042371,223.4617529117059,0.0,0.0,2558.3101562500005,-11.500000000000002,0.0,0.00390625,10.43984375,11.500000000000002,COBYLA,ddsim,14,8,1.04879895051;0.224399475256;0.149599650171;0.112199737628;0.628318530718;0.314159265359;0.809439510239;0.157079632679
Func-6,9,baseline,cobyla_iteration,9,256,1.0,1.0,199.67791117906773,172.13258167141967,0.004983109471912361,0.005775920340042371,0.4983109471912361,0.5775920340042371,199.67791117906773,0.0,0.0,2284.7959765625,-11.500000000000002,0.0,0.00390625,10.516523437500007,11.500000000000002,COBYLA,ddsim,14,8,1.04879895051;0.224399475256;0.149599650171;0.112199737628;0.628318530718;0.314159265359;0.209439510239;0.757079632679
Func-6,10,baseline,cobyla_iteration,10,256,1.0,1.0,175.91815912036355,172.13258167141967,0.005652331026797907,0.005775920340042371,0.5652331026797907,0.5775920340042371,175.91815912036355,0.0,0.0,2011.5588281249995,-11.500000000000002,0.0,0.00390625,4.066171875000001,11.500000000000002,COBYLA,ddsim,14,8,1.28784417011;0.00223951789246;-0.0530644313493;0.112081369255;0.397095528757;0.0745803080015;-0.0282044341455;-0.0552710080938
Func-6,11,baseline,cobyla_iteration,11,256,1.0,1.0,205.8911109127314,172.13258167141967,0.004833460440075694,0.005775920340042371,0.4833460440075694,0.5775920340042371,205.8911109127314,0.0,0.0,2356.2477734375,-11.500000000000002,0.0,0.00390625,10.939726562500002,11.500000000000002,COBYLA,ddsim,14,8,1.08827002602;0.187716489226;0.116135817356;0.112180192678;0.590139057461;0.600078318578;0.170199812881;0.122016358084
Func-6,12,baseline,cobyla_iteration,12,256,1.0,1.0,141.48178680781027,141.48178680781027,0.007018440899740205,0.007018440899740205,0.7018440899740205,0.7018440899740205,141.48178680781027,0.0,0.0,1615.5405468750005,-11.500000000000002,0.0,0.00390625,4.771953124999999,11.500000000000002,COBYLA,ddsim,14,8,1.1230943401;0.224399475256;0.149599650171;0.112199737628;0.628318530718;0.303902799765;0.209439510239;0.157079632679
Func-6,13,baseline,cobyla_iteration,13,256,1.0,1.0,198.7026632162633,141.48178680781027,0.00500744448719281,0.007018440899740205,0.500744448719281,0.7018440899740205,198.7026632162633,0.0,0.0,2273.5806250000014,-11.500000000000002,0.0,0.00390625,10.794375000000002,11.500000000000002,COBYLA,ddsim,14,8,0.915315983708;0.201119596793;0.128362721416;0.112187333947;0.604088946559;0.26958367045;0.184537083139;0.134827660868
Func-6,14,baseline,cobyla_iteration,14,256,1.0,1.0,210.32857355245963,141.48178680781027,0.004731967775061722,0.007018440899740205,0.47319677750617223,0.7018440899740205,210.32857355245963,0.0,0.0,2407.2785937500003,-11.500000000000002,0.0,0.00390625,11.471406250000001,11.500000000000002,COBYLA,ddsim,14,8,1.04879895051;0.202484335584;0.149599650171;0.112199737628;0.628318530718;0.314159265359;0.229926741706;0.157079632679
Func-6,15,baseline,cobyla_iteration,15,256,1.0,1.0,201.09180384334064,141.48178680781027,0.004948246197926904,0.007018440899740205,0.4948246197926904,0.7018440899740205,201.09180384334064,0.0,0.0,2301.0557421874996,-11.500000000000002,0.0,0.00390625,11.444257812500005,11.500000000000002,COBYLA,ddsim,14,8,1.04120503075;0.281501395503;0.148179450442;0.112198908144;0.62669819996;0.320831558373;0.224616030642;0.155591552896
Func-6,16,baseline,cobyla_iteration,16,256,1.0,1.0,181.3354519239874,141.48178680781027,0.005484396969695632,0.007018440899740205,0.5484396969695632,0.7018440899740205,181.3354519239874,0.390625,0.0,2073.8576953125007,-11.500000000000002,0.00390625,0.00390625,10.219999999999999,11.500000000000002,COBYLA,ddsim,14,8,1.04831518655;0.22409135949;0.119812362718;0.112199737628;0.628318530718;0.310654994636;0.209109919584;0.157079632679
Func-6,17,baseline,cobyla_iteration,17,256,1.0,1.0,159.5209342419747,141.48178680781027,0.006229717044211605,0.007018440899740205,0.6229717044211605,0.7018440899740205,159.5209342419747,0.0,0.0,1822.9907421874998,-11.500000000000002,0.0,0.00390625,3.5717578125000005,11.500000000000002,COBYLA,ddsim,14,8,1.03730244723;0.220908553837;0.151748636096;0.112198762676;0.626414040701;0.303379213304;0.151749563351;0.155330586642
Func-6,18,baseline,cobyla_iteration,18,256,1.0,1.0,177.41100219231384,141.48178680781027,0.005605035495075994,0.007018440899740205,0.5605035495075994,0.7018440899740205,177.41100219231384,0.0,0.0,2028.7265234374995,-11.500000000000002,0.0,0.00390625,10.3359765625,11.500000000000002,COBYLA,ddsim,14,8,1.04879868545;0.224398979822;0.149599874897;0.082199737711;0.628318530718;0.314157345274;0.2094404672;0.157079632679
