application_id,case_index,method_label,parameter_name,parameter_value,shots,success_probability,best_normalized_accuracy,ARG,best_ARG,precision_score,best_precision_score,precision_percent,best_precision_percent,approximation_ratio_gap,in_constraints_probs,best_solution_probs,mean_cost,best_cost,feasible_probability,best_feasible_probability,sampled_expected_objective,best_objective,optimizer,simulation_backend,problem_n,parameter_count,parameter_vector,noise_model,noise_single_qubit_error,noise_two_qubit_error,noise_readout_error
Func-8,1,method,cobyla_iteration,1,256,0.8571428571428578,0.8571428571428578,1.4209252914919321,1.4209252914919321,0.413065204248304,0.413065204248304,41.3065204248304,41.3065204248304,1.4209252914919321,97.65625,0.0,2.9085937499999974,-6.91,0.9765625,0.9765625,6.44184,6.800000000000001,COBYLA,aer_noise,11,7,0.628318530718;0.628318530718;0.628318530718;0.628318530718;0.628318530718;0.628318530718;0.628318530718,depolarizing_readout,5e-05,0.0005,0.0001
Func-8,2,method,cobyla_iteration,2,256,0.8571428571428578,0.8571428571428578,1.4136498301934148,1.4136498301934148,0.4143103061142329,0.4143103061142329,41.43103061142329,41.43103061142329,1.4136498301934148,97.65625,0.78125,2.858320312499998,-6.91,0.9765625,0.9765625,6.49204,6.91,COBYLA,aer_noise,11,7,1.22831853072;0.628318530718;0.628318530718;0.628318530718;0.628318530718;0.628318530718;0.628318530718,depolarizing_readout,5e-05,0.0005,0.0001
Func-8,3,method,cobyla_iteration,3,256,0.8571428571428578,0.8571428571428578,1.6378889314585945,1.6378889314585945,0.37909101784928445,0.37909101784928445,37.909101784928446,37.909101784928446,1.6378889314585945,97.265625,0.0,4.407812499999999,-6.91,0.97265625,0.97265625,6.509638554216869,6.800000000000001,COBYLA,aer_noise,11,7,1.22831853072;1.22831853072;0.628318530718;0.628318530718;0.628318530718;0.628318530718;0.628318530718,depolarizing_readout,5e-05,0.0005,0.0001
Func-8,4,method,cobyla_iteration,4,256,0.8571428571428578,0.8571428571428578,1.6349267389796334,1.6349267389796334,0.3795171930993599,0.3795171930993599,37.95171930993599,37.95171930993599,1.6349267389796334,97.265625,0.0,4.38734375,-6.91,0.97265625,0.97265625,6.529799196787148,6.800000000000001,COBYLA,aer_noise,11,7,1.22831853072;1.22831853072;1.22831853072;0.628318530718;0.628318530718;0.628318530718;0.628318530718,depolarizing_readout,5e-05,0.0005,0.0001
Func-8,5,method,cobyla_iteration,5,256,1.0,1.0,1.6265150168256366,1.6265150168256366,0.3807326413875158,0.3807326413875158,38.073264138751576,38.073264138751576,1.6265150168256366,97.265625,0.390625,4.32921875,-6.91,0.97265625,0.97265625,6.588674698795181,6.91,COBYLA,aer_noise,11,7,1.22831853072;1.22831853072;1.22831853072;1.22831853072;0.628318530718;0.628318530718;0.628318530718,depolarizing_readout,5e-05,0.0005,0.0001
Func-8,6,method,cobyla_iteration,6,256,1.0,1.0,1.6287705794193497,1.6287705794193497,0.38040596156583695,0.38040596156583695,38.040596156583696,38.040596156583696,1.6287705794193497,97.265625,0.0,4.3448046875,-6.91,0.97265625,0.97265625,6.57293172690763,6.800000000000001,COBYLA,aer_noise,11,7,1.22831853072;1.22831853072;1.22831853072;1.22831853072;1.22831853072;0.628318530718;0.628318530718,depolarizing_readout,5e-05,0.0005,0.0001
Func-8,7,method,cobyla_iteration,7,256,1.0,1.0,1.6208450186264038,1.6208450186264038,0.3815563274031764,0.3815563274031764,38.15563274031764,38.15563274031764,1.6208450186264038,97.265625,0.0,4.290039062499999,-6.91,0.97265625,0.97265625,6.625983935742973,6.800000000000001,COBYLA,aer_noise,11,7,1.22831853072;1.22831853072;1.22831853072;1.22831853072;0.628318530718;1.22831853072;0.628318530718,depolarizing_readout,5e-05,0.0005,0.0001
Func-8,8,method,cobyla_iteration,8,256,1.0,1.0,1.6188721079867898,1.6188721079867898,0.3818437704347204,0.3818437704347204,38.18437704347204,38.18437704347204,1.6188721079867898,97.265625,0.390625,4.276406249999997,-6.91,0.97265625,0.97265625,6.641325301204821,6.91,COBYLA,aer_noise,11,7,1.22831853072;1.22831853072;1.22831853072;1.22831853072;0.628318530718;1.22831853072;1.22831853072,depolarizing_readout,5e-05,0.0005,0.0001
Func-8,9,method,cobyla_iteration,9,256,1.0,1.0,1.616000364133141,1.616000364133141,0.3822629437329486,0.3822629437329486,38.22629437329486,38.22629437329486,1.616000364133141,97.265625,0.0,4.2565625,-6.91,0.97265625,0.97265625,6.662610441767068,6.8,COBYLA,aer_noise,11,7,1.53037336646;1.33787888299;1.27305931202;1.61418048852;0.565026693749;1.52120696249;1.35512045237,depolarizing_readout,5e-05,0.0005,0.0001
Func-8,10,method,cobyla_iteration,10,256,1.0,1.0,1.620392775499845,1.620392775499845,0.3816221786862651,0.3816221786862651,38.162217868626506,38.162217868626506,1.620392775499845,97.265625,0.0,4.286914062500001,-6.91,0.97265625,0.97265625,6.630361445783133,6.800000000000001,COBYLA,aer_noise,11,7,1.02733227582;1.40699168271;1.30128266649;1.85758971143;0.525100972796;1.70596667807;1.43510956918,depolarizing_readout,5e-05,0.0005,0.0001
Func-8,11,method,cobyla_iteration,11,256,1.0,1.0,1.6165995862758313,1.6165995862758313,0.38217540247466203,0.38217540247466203,38.217540247466204,38.217540247466204,1.6165995862758313,97.265625,0.0,4.260703125,-6.91,0.97265625,0.97265625,6.657751004016065,6.8,COBYLA,aer_noise,11,7,1.53037336646;1.61102300532;1.36078698279;1.52645281775;0.565026693749;1.52120696249;1.35512045237,depolarizing_readout,5e-05,0.0005,0.0001
Func-8,12,method,cobyla_iteration,12,256,1.0,1.0,1.612857274403556,1.612857274403556,0.3827227800754149,0.3827227800754149,38.27227800754149,38.27227800754149,1.612857274403556,97.265625,0.390625,4.2348437500000005,-6.91,0.97265625,0.97265625,6.6840562248995985,6.91,COBYLA,aer_noise,11,7,1.65009896764;1.09565170517;1.73048706137;1.41500055353;0.527068322656;1.69686259699;1.43116808549,depolarizing_readout,5e-05,0.0005,0.0001
Func-8,13,method,cobyla_iteration,13,256,1.0,1.0,1.6138239440865758,1.6138239440865758,0.382581237830637,0.382581237830637,38.2581237830637,38.2581237830637,1.6138239440865758,97.265625,1.171875,4.241523437500001,-6.91,0.97265625,0.97265625,6.677469879518072,6.91,COBYLA,aer_noise,11,7,1.86942356119;1.00804510173;1.48422376166;1.07472212795;0.45753261576;2.01864507511;1.57047927758,depolarizing_readout,5e-05,0.0005,0.0001
Func-8,14,method,cobyla_iteration,14,256,1.0,1.0,1.6100985913315466,1.6100985913315466,0.38312729002694423,0.38312729002694423,38.312729002694425,38.312729002694425,1.6100985913315466,97.265625,0.0,4.215781250000001,-6.91,0.97265625,0.97265625,6.70409638554217,6.800000000000001,COBYLA,aer_noise,11,7,1.65009896764;1.09565170517;1.73048706137;1.41500055353;0.233836755953;1.63349661015;1.43116808549,depolarizing_readout,5e-05,0.0005,0.0001
Func-8,15,method,cobyla_iteration,15,256,1.0,1.0,1.6103755902465637,1.6103755902465637,0.3830866346346522,0.3830866346346522,38.30866346346522,38.30866346346522,1.6103755902465637,97.265625,2.34375,4.2176953125,-6.91,0.97265625,0.97265625,6.701686746987953,6.91,COBYLA,aer_noise,11,7,1.93055748489;0.983625882146;1.85766221918;1.42195507227;-0.129682105609;1.33568682163;1.60931048958,depolarizing_readout,5e-05,0.0005,0.0001
Func-8,16,method,cobyla_iteration,16,256,1.0,1.0,1.6095502465405933,1.6095502465405933,0.38320779656405224,0.38320779656405224,38.32077965640522,38.32077965640522,1.6095502465405933,97.265625,0.78125,4.211992187499999,-6.91,0.97265625,0.97265625,6.706224899598394,6.91,COBYLA,aer_noise,11,7,1.76935534311;1.04801616269;1.78456439345;1.41795774915;0.0250622905977;1.75767373956;0.900537392541,depolarizing_readout,5e-05,0.0005,0.0001
Func-8,17,method,cobyla_iteration,17,256,1.0,1.0,1.6081878641218346,1.6081878641218346,0.3834079644936526,0.3834079644936526,38.340796449365264,38.340796449365264,1.6081878641218346,97.265625,0.78125,4.202578124999999,-6.91,0.97265625,0.97265625,6.717228915662652,6.91,COBYLA,aer_noise,11,7,1.45798255543;1.06964857283;1.77632221164;1.45449708318;0.0674405777483;1.7570921362;1.50726501207,depolarizing_readout,5e-05,0.0005,0.0001
Func-8,18,method,cobyla_iteration,18,256,1.0,1.0,1.608023925988457,1.608023925988457,0.3834320651874365,0.3834320651874365,38.34320651874365,38.34320651874365,1.608023925988457,97.265625,0.390625,4.201445312499999,-6.91,0.97265625,0.97265625,6.718393574297189,6.91,COBYLA,aer_noise,11,7,1.49075055524;1.00814626515;1.85382968532;1.47616583787;-0.169551929345;1.67872744282;1.63517242915,depolarizing_readout,5e-05,0.0005,0.0001
Func-8,19,method,cobyla_iteration,19,256,1.0,1.0,1.6078543348159973,1.6078543348159973,0.38345700012825185,0.38345700012825185,38.34570001282518,38.34570001282518,1.6078543348159973,97.265625,0.78125,4.200273437499999,-6.91,0.97265625,0.97265625,6.719598393574297,6.91,COBYLA,aer_noise,11,7,1.49061647269;1.08150143582;1.79283444815;1.50791375168;0.0752725853557;1.78977137213;1.52008179211,depolarizing_readout,5e-05,0.0005,0.0001
Func-8,20,method,cobyla_iteration,20,256,1.0,1.0,1.6091714929221002,1.6091714929221002,0.38326342393081486,0.38326342393081486,38.32634239308149,38.32634239308149,1.6091714929221002,97.265625,1.171875,4.209374999999999,-6.91,0.97265625,0.97265625,6.710240963855422,6.91,COBYLA,aer_noise,11,7,1.38026485619;1.01696822987;1.88176249443;1.43679067925;0.11365608986;1.75619578381;1.4964532728,depolarizing_readout,5e-05,0.0005,0.0001
Func-8,21,method,cobyla_iteration,21,256,1.0,1.0,1.60845920999777,1.60845920999777,0.383368080346886,0.383368080346886,38.3368080346886,38.3368080346886,1.60845920999777,97.265625,0.78125,4.204453124999999,-6.91,0.97265625,0.97265625,6.715301204819276,6.91,COBYLA,aer_noise,11,7,1.46019573269;1.09336368869;1.78919681445;1.44229782659;0.0645302627901;1.75986192662;1.50867078402,depolarizing_readout,5e-05,0.0005,0.0001
Func-8,1,baseline,cobyla_iteration,1,256,0.0,0.0,335.9032430693244,335.9032430693244,0.0029682112611609103,0.0029682112611609103,0.296821126116091,0.296821126116091,335.9032430693244,0.0,0.0,2314.1814062499993,-6.91,0.0,0.0,9.256093750000002,,COBYLA,aer_noise,11,28,0.448798950513;0.224399475256;0.149599650171;0.112199737628;0.0897597901026;0.0747998250855;0.0641141357875;0.0560998688141;0.049866550057;0.0448798950513;0.0407999045921;0.0373999125427;0.0345229961933;0.0320570678938;0.628318530718;0.314159265359;0.209439510239;0.157079632679;0.125663706144;0.10471975512;0.0897597901026;0.0785398163397;0.0698131700798;0.0628318530718;0.0571198664289;0.0523598775598;0.0483321946706;0.0448798950513,depolarizing_readout,5e-05,0.0005,0.0001
Func-8,2,baseline,cobyla_iteration,2,256,0.0,0.0,364.63973234752507,364.63973234752507,0.0027349325347649648,0.0027349325347649648,0.2734932534764965,0.2734932534764965,364.63973234752507,0.0,0.0,2512.750546875001,-6.91,0.0,0.0,9.124453124999999,,COBYLA,aer_noise,11,28,1.04879895051;0.224399475256;0.149599650171;0.112199737628;0.0897597901026;0.0747998250855;0.0641141357875;0.0560998688141;0.049866550057;0.0448798950513;0.0407999045921;0.0373999125427;0.0345229961933;0.0320570678938;0.628318530718;0.314159265359;0.209439510239;0.157079632679;0.125663706144;0.10471975512;0.0897597901026;0.0785398163397;0.0698131700798;0.0628318530718;0.0571198664289;0.0523598775598;0.0483321946706;0.0448798950513,depolarizing_readout,5e-05,0.0005,0.0001
Func-8,3,baseline,cobyla_iteration,3,256,0.0,0.0,342.93889114390566,342.93889114390566,0.002907493237168097,0.002907493237168097,0.29074932371680967,0.29074932371680967,342.93889114390566,0.390625,0.0,2362.7977343749994,-6.91,0.00390625,0.00390625,6.28,6.28,COBYLA,aer_noise,11,28,0.448798950513;0.824399475256;0.149599650171;0.112199737628;0.0897597901026;0.0747998250855;0.0641141357875;0.0560998688141;0.049866550057;0.0448798950513;0.0407999045921;0.0373999125427;0.0345229961933;0.0320570678938;0.628318530718;0.314159265359;0.209439510239;0.157079632679;0.125663706144;0.10471975512;0.0897597901026;0.0785398163397;0.0698131700798;0.0628318530718;0.0571198664289;0.0523598775598;0.0483321946706;0.0448798950513,depolarizing_readout,5e-05,0.0005,0.0001
Func-8,4,baseline,cobyla_iteration,4,256,0.0,0.0,321.6602415110859,321.6602415110859,0.0030992352677751346,0.0030992352677751346,0.30992352677751345,0.30992352677751345,321.6602415110859,0.0,0.0,2215.7622656250014,-6.91,0.0,0.0,7.6752343750000005,,COBYLA,aer_noise,11,28,0.448798950513;0.224399475256;0.749599650171;0.112199737628;0.0897597901026;0.0747998250855;0.0641141357875;0.0560998688141;0.049866550057;0.0448798950513;0.0407999045921;0.0373999125427;0.0345229961933;0.0320570678938;0.628318530718;0.314159265359;0.209439510239;0.157079632679;0.125663706144;0.10471975512;0.0897597901026;0.0785398163397;0.0698131700798;0.0628318530718;0.0571198664289;0.0523598775598;0.0483321946706;0.0448798950513,depolarizing_readout,5e-05,0.0005,0.0001
Func-8,5,baseline,cobyla_iteration,5,256,0.0,0.0,362.8475154491281,362.8475154491281,0.0027484040911083716,0.0027484040911083716,0.2748404091108372,0.2748404091108372,362.8475154491281,0.0,0.0,2500.366328125,-6.91,0.0,0.0,7.446171875000002,,COBYLA,aer_noise,11,28,0.448798950513;0.224399475256;0.749599650171;0.712199737628;0.0897597901026;0.0747998250855;0.0641141357875;0.0560998688141;0.049866550057;0.0448798950513;0.0407999045921;0.0373999125427;0.0345229961933;0.0320570678938;0.628318530718;0.314159265359;0.209439510239;0.157079632679;0.125663706144;0.10471975512;0.0897597901026;0.0785398163397;0.0698131700798;0.0628318530718;0.0571198664289;0.0523598775598;0.0483321946706;0.0448798950513,depolarizing_readout,5e-05,0.0005,0.0001
Func-8,6,baseline,cobyla_iteration,6,256,0.42857142857142777,0.42857142857142777,324.08066933658563,324.08066933658563,0.0030761595330807225,0.0030761595330807225,0.30761595330807223,0.30761595330807223,324.08066933658563,0.0,0.0,2232.487421875,-6.91,0.0,0.0,8.137578125,,COBYLA,aer_noise,11,28,0.448798950513;0.224399475256;0.749599650171;0.112199737628;0.689759790103;0.0747998250855;0.0641141357875;0.0560998688141;0.049866550057;0.0448798950513;0.0407999045921;0.0373999125427;0.0345229961933;0.0320570678938;0.628318530718;0.314159265359;0.209439510239;0.157079632679;0.125663706144;0.10471975512;0.0897597901026;0.0785398163397;0.0698131700798;0.0628318530718;0.0571198664289;0.0523598775598;0.0483321946706;0.0448798950513,depolarizing_readout,5e-05,0.0005,0.0001
Func-8,7,baseline,cobyla_iteration,7,256,0.8571428571428578,0.8571428571428578,275.1327620208143,275.1327620208143,0.003621446411073171,0.003621446411073171,0.3621446411073171,0.3621446411073171,275.1327620208143,0.0,0.0,1894.2573828124994,-6.91,0.0,0.0,7.305117187499999,,COBYLA,aer_noise,11,28,0.448798950513;0.224399475256;0.749599650171;0.112199737628;0.689759790103;0.674799825085;0.0641141357875;0.0560998688141;0.049866550057;0.0448798950513;0.0407999045921;0.0373999125427;0.0345229961933;0.0320570678938;0.628318530718;0.314159265359;0.209439510239;0.157079632679;0.125663706144;0.10471975512;0.0897597901026;0.0785398163397;0.0698131700798;0.0628318530718;0.0571198664289;0.0523598775598;0.0483321946706;0.0448798950513,depolarizing_readout,5e-05,0.0005,0.0001
Func-8,8,baseline,cobyla_iteration,8,256,0.8571428571428578,0.8571428571428578,247.47432425466621,247.47432425466621,0.00402456069857375,0.00402456069857375,0.402456069857375,0.402456069857375,247.47432425466621,2.34375,0.0,1703.1375781250003,-6.91,0.0234375,0.0234375,6.56,6.6899999999999995,COBYLA,aer_noise,11,28,0.448798950513;0.224399475256;0.749599650171;0.112199737628;0.689759790103;0.674799825085;0.664114135788;0.0560998688141;0.049866550057;0.0448798950513;0.0407999045921;0.0373999125427;0.0345229961933;0.0320570678938;0.628318530718;0.314159265359;0.209439510239;0.157079632679;0.125663706144;0.10471975512;0.0897597901026;0.0785398163397;0.0698131700798;0.0628318530718;0.0571198664289;0.0523598775598;0.0483321946706;0.0448798950513,depolarizing_readout,5e-05,0.0005,0.0001
Func-8,9,baseline,cobyla_iteration,9,256,0.8571428571428578,0.8571428571428578,213.52538810748965,213.52538810748965,0.004661452934880333,0.004661452934880333,0.4661452934880333,0.4661452934880333,213.52538810748965,3.125,0.0,1468.5504296874994,-6.91,0.03125,0.03125,6.5424999999999995,6.6899999999999995,COBYLA,aer_noise,11,28,0.448798950513;0.224399475256;0.749599650171;0.112199737628;0.689759790103;0.674799825085;0.0641141357875;0.656099868814;0.049866550057;0.0448798950513;0.0407999045921;0.0373999125427;0.0345229961933;0.0320570678938;0.628318530718;0.314159265359;0.209439510239;0.157079632679;0.125663706144;0.10471975512;0.0897597901026;0.0785398163397;0.0698131700798;0.0628318530718;0.0571198664289;0.0523598775598;0.0483321946706;0.0448798950513,depolarizing_readout,5e-05,0.0005,0.0001
Func-8,10,baseline,cobyla_iteration,10,256,0.8571428571428578,0.8571428571428578,222.6458204651169,222.6458204651169,0.00447135563687395,0.00447135563687395,0.447135563687395,0.447135563687395,222.6458204651169,6.25,0.0,1531.5726171874996,-6.91,0.0625,0.0625,6.4818750000000005,6.760000000000001,COBYLA,aer_noise,11,28,0.448798950513;0.224399475256;0.749599650171;0.112199737628;0.689759790103;0.674799825085;0.0641141357875;0.0560998688141;0.649866550057;0.0448798950513;0.0407999045921;0.0373999125427;0.0345229961933;0.0320570678938;0.628318530718;0.314159265359;0.209439510239;0.157079632679;0.125663706144;0.10471975512;0.0897597901026;0.0785398163397;0.0698131700798;0.0628318530718;0.0571198664289;0.0523598775598;0.0483321946706;0.0448798950513,depolarizing_readout,5e-05,0.0005,0.0001
Func-8,11,baseline,cobyla_iteration,11,256,0.8571428571428578,0.8571428571428578,224.68681065439478,224.68681065439478,0.004430919100236428,0.004430919100236428,0.4430919100236428,0.4430919100236428,224.68681065439478,5.078125,0.390625,1545.6758593749998,-6.91,0.05078125,0.05078125,6.522307692307692,6.91,COBYLA,aer_noise,11,28,0.448798950513;0.224399475256;0.749599650171;0.112199737628;0.689759790103;0.674799825085;0.0641141357875;0.0560998688141;0.049866550057;0.644879895051;0.0407999045921;0.0373999125427;0.0345229961933;0.0320570678938;0.628318530718;0.314159265359;0.209439510239;0.157079632679;0.125663706144;0.10471975512;0.0897597901026;0.0785398163397;0.0698131700798;0.0628318530718;0.0571198664289;0.0523598775598;0.0483321946706;0.0448798950513,depolarizing_readout,5e-05,0.0005,0.0001
Func-8,12,baseline,cobyla_iteration,12,256,0.8571428571428578,0.8571428571428578,242.14359319593856,242.14359319593856,0.004112796010191988,0.004112796010191988,0.4112796010191988,0.4112796010191988,242.14359319593856,3.90625,0.0,1666.3022265624995,-6.91,0.0390625,0.0390625,6.564,6.760000000000001,COBYLA,aer_noise,11,28,0.448798950513;0.224399475256;0.749599650171;0.112199737628;0.689759790103;0.674799825085;0.0641141357875;0.0560998688141;0.049866550057;0.0448798950513;0.640799904592;0.0373999125427;0.0345229961933;0.0320570678938;0.628318530718;0.314159265359;0.209439510239;0.157079632679;0.125663706144;0.10471975512;0.0897597901026;0.0785398163397;0.0698131700798;0.0628318530718;0.0571198664289;0.0523598775598;0.0483321946706;0.0448798950513,depolarizing_readout,5e-05,0.0005,0.0001
Func-8,13,baseline,cobyla_iteration,13,256,0.8571428571428578,0.8571428571428578,254.1453965327719,254.1453965327719,0.003919333891926818,0.003919333891926818,0.3919333891926818,0.3919333891926818,254.1453965327719,1.5625,0.0,1749.2346874999998,-6.91,0.015625,0.015625,6.45,6.54,COBYLA,aer_noise,11,28,0.448798950513;0.224399475256;0.749599650171;0.112199737628;0.689759790103;0.674799825085;0.0641141357875;0.0560998688141;0.049866550057;0.0448798950513;0.0407999045921;0.637399912543;0.0345229961933;0.0320570678938;0.628318530718;0.314159265359;0.209439510239;0.157079632679;0.125663706144;0.10471975512;0.0897597901026;0.0785398163397;0.0698131700798;0.0628318530718;0.0571198664289;0.0523598775598;0.0483321946706;0.0448798950513,depolarizing_readout,5e-05,0.0005,0.0001
Func-8,14,baseline,cobyla_iteration,14,256,0.8571428571428578,0.8571428571428578,269.06273216398375,269.06273216398375,0.003702843380081017,0.003702843380081017,0.3702843380081017,0.3702843380081017,269.06273216398375,0.390625,0.0,1852.3134765625002,-6.91,0.00390625,0.00390625,6.36,6.36,COBYLA,aer_noise,11,28,0.448798950513;0.224399475256;0.749599650171;0.112199737628;0.689759790103;0.674799825085;0.0641141357875;0.0560998688141;0.049866550057;0.0448798950513;0.0407999045921;0.0373999125427;0.634522996193;0.0320570678938;0.628318530718;0.314159265359;0.209439510239;0.157079632679;0.125663706144;0.10471975512;0.0897597901026;0.0785398163397;0.0698131700798;0.0628318530718;0.0571198664289;0.0523598775598;0.0483321946706;0.0448798950513,depolarizing_readout,5e-05,0.0005,0.0001
Func-8,15,baseline,cobyla_iteration,15,256,0.8571428571428578,0.8571428571428578,272.45451038886335,272.45451038886335,0.003656915362551379,0.003656915362551379,0.3656915362551379,0.3656915362551379,272.45451038886335,0.78125,0.0,1875.7506640625006,-6.91,0.0078125,0.0078125,6.3950000000000005,6.430000000000001,COBYLA,aer_noise,11,28,0.448798950513;0.224399475256;0.749599650171;0.112199737628;0.689759790103;0.674799825085;0.0641141357875;0.0560998688141;0.049866550057;0.0448798950513;0.0407999045921;0.0373999125427;0.0345229961933;0.632057067894;0.628318530718;0.314159265359;0.209439510239;0.157079632679;0.125663706144;0.10471975512;0.0897597901026;0.0785398163397;0.0698131700798;0.0628318530718;0.0571198664289;0.0523598775598;0.0483321946706;0.0448798950513,depolarizing_readout,5e-05,0.0005,0.0001
Func-8,16,baseline,cobyla_iteration,16,256,0.8571428571428578,0.8571428571428578,306.9326614427389,306.9326614427389,0.003247463245096374,0.003247463245096374,0.3247463245096374,0.3247463245096374,306.9326614427389,0.78125,0.0,2113.994687499999,-6.91,0.0078125,0.0078125,6.21,6.21,COBYLA,aer_noise,11,28,0.448798950513;0.224399475256;0.749599650171;0.112199737628;0.689759790103;0.674799825085;0.0641141357875;0.0560998688141;0.049866550057;0.0448798950513;0.0407999045921;0.0373999125427;0.0345229961933;0.0320570678938;1.22831853072;0.314159265359;0.209439510239;0.157079632679;0.125663706144;0.10471975512;0.0897597901026;0.0785398163397;0.0698131700798;0.0628318530718;0.0571198664289;0.0523598775598;0.0483321946706;0.0448798950513,depolarizing_readout,5e-05,0.0005,0.0001
Func-8,17,baseline,cobyla_iteration,17,256,0.8571428571428578,0.8571428571428578,234.08220117993062,234.08220117993062,0.004253831191731124,0.004253831191731124,0.42538311917311233,0.42538311917311233,234.08220117993062,0.78125,0.0,1610.5980078124985,-6.91,0.0078125,0.0078125,6.285,6.36,COBYLA,aer_noise,11,28,0.448798950513;0.224399475256;0.749599650171;0.112199737628;0.689759790103;0.674799825085;0.0641141357875;0.0560998688141;0.049866550057;0.0448798950513;0.0407999045921;0.0373999125427;0.0345229961933;0.0320570678938;0.628318530718;0.914159265359;0.209439510239;0.157079632679;0.125663706144;0.10471975512;0.0897597901026;0.0785398163397;0.0698131700798;0.0628318530718;0.0571198664289;0.0523598775598;0.0483321946706;0.0448798950513,depolarizing_readout,5e-05,0.0005,0.0001
Func-8,18,baseline,cobyla_iteration,18,256,0.8571428571428578,0.8571428571428578,294.9471784297354,294.9471784297354,0.003378981361829144,0.003378981361829144,0.3378981361829144,0.3378981361829144,294.9471784297354,0.0,0.0,2031.175,-6.91,0.0,0.0,6.324999999999998,,COBYLA,aer_noise,11,28,0.448798950513;0.224399475256;0.749599650171;0.112199737628;0.689759790103;0.674799825085;0.0641141357875;0.0560998688141;0.049866550057;0.0448798950513;0.0407999045921;0.0373999125427;0.0345229961933;0.0320570678938;0.628318530718;0.314159265359;0.809439510239;0.157079632679;0.125663706144;0.10471975512;0.0897597901026;0.0785398163397;0.0698131700798;0.0628318530718;0.0571198664289;0.0523598775598;0.0483321946706;0.0448798950513,depolarizing_readout,5e-05,0.0005,0.0001
Func-8,19,baseline,cobyla_iteration,19,256,0.8571428571428578,0.8571428571428578,160.89059131460291,160.89059131460291,0.006177011226407187,0.006177011226407187,0.6177011226407186,0.6177011226407186,160.89059131460291,5.078125,0.0,1104.8439843750002,-6.91,0.05078125,0.05078125,6.499230769230771,6.800000000000001,COBYLA,aer_noise,11,28,0.448798950513;0.224399475256;0.749599650171;0.112199737628;0.689759790103;0.674799825085;0.0641141357875;0.0560998688141;0.049866550057;0.0448798950513;0.0407999045921;0.0373999125427;0.0345229961933;0.0320570678938;0.628318530718;0.314159265359;0.209439510239;0.757079632679;0.125663706144;0.10471975512;0.0897597901026;0.0785398163397;0.0698131700798;0.0628318530718;0.0571198664289;0.0523598775598;0.0483321946706;0.0448798950513,depolarizing_readout,5e-05,0.0005,0.0001
Func-8,20,baseline,cobyla_iteration,20,256,0.8571428571428578,0.8571428571428578,347.8380239748018,347.8380239748018,0.0028666599718849303,0.0028666599718849303,0.286665997188493,0.286665997188493,347.8380239748018,0.0,0.0,2396.6507421875003,-6.91,0.0,0.0,9.599257812499998,,COBYLA,aer_noise,11,28,0.448798950513;0.224399475256;0.749599650171;0.112199737628;0.689759790103;0.674799825085;0.0641141357875;0.0560998688141;0.049866550057;0.0448798950513;0.0407999045921;0.0373999125427;0.0345229961933;0.0320570678938;0.628318530718;0.314159265359;0.209439510239;0.157079632679;0.725663706144;0.10471975512;0.0897597901026;0.0785398163397;0.0698131700798;0.0628318530718;0.0571198664289;0.0523598775598;0.0483321946706;0.0448798950513,depolarizing_readout,5e-05,0.0005,0.0001
Func-8,21,baseline,cobyla_iteration,21,256,0.8571428571428578,0.8571428571428578,240.98775586611845,240.98775586611845,0.00413244048824213,0.00413244048824213,0.413244048824213,0.413244048824213,240.98775586611845,0.390625,0.0,1658.3153906250009,-6.91,0.00390625,0.00390625,6.32,6.32,COBYLA,aer_noise,11,28,0.448798950513;0.224399475256;0.749599650171;0.112199737628;0.689759790103;0.674799825085;0.0641141357875;0.0560998688141;0.049866550057;0.0448798950513;0.0407999045921;0.0373999125427;0.0345229961933;0.0320570678938;0.628318530718;0.314159265359;0.209439510239;0.157079632679;0.125663706144;0.70471975512;0.0897597901026;0.0785398163397;0.0698131700798;0.0628318530718;0.0571198664289;0.0523598775598;0.0483321946706;0.0448798950513,depolarizing_readout,5e-05,0.0005,0.0001
Func-8,22,baseline,cobyla_iteration,22,256,0.8571428571428578,0.8571428571428578,387.62409607470926,387.62409607470926,0.0025731806393388423,0.0025731806393388423,0.25731806393388423,0.25731806393388423,387.62409607470926,0.0,0.0,2671.5725,-6.91,0.0,0.0,11.240000000000002,,COBYLA,aer_noise,11,28,0.448798950513;0.224399475256;0.749599650171;0.112199737628;0.689759790103;0.674799825085;0.0641141357875;0.0560998688141;0.049866550057;0.0448798950513;0.0407999045921;0.0373999125427;0.0345229961933;0.0320570678938;0.628318530718;0.314159265359;0.209439510239;0.157079632679;0.125663706144;0.10471975512;0.689759790103;0.0785398163397;0.0698131700798;0.0628318530718;0.0571198664289;0.0523598775598;0.0483321946706;0.0448798950513,depolarizing_readout,5e-05,0.0005,0.0001
Func-8,23,baseline,cobyla_iteration,23,256,0.8571428571428578,0.8571428571428578,254.8579508029782,254.8579508029782,0.003908418702102573,0.003908418702102573,0.39084187021025724,0.39084187021025724,254.8579508029782,0.390625,0.0,1754.1584374999998,-6.91,0.00390625,0.00390625,6.21,6.21,COBYLA,aer_noise,11,28,0.448798950513;0.224399475256;0.749599650171;0.112199737628;0.689759790103;0.674799825085;0.0641141357875;0.0560998688141;0.049866550057;0.0448798950513;0.0407999045921;0.0373999125427;0.0345229961933;0.0320570678938;0.628318530718;0.314159265359;0.209439510239;0.157079632679;0.125663706144;0.10471975512;0.0897597901026;0.67853981634;0.0698131700798;0.0628318530718;0.0571198664289;0.0523598775598;0.0483321946706;0.0448798950513,depolarizing_readout,5e-05,0.0005,0.0001
